<?xml version="1.0" encoding="UTF-8"?>
<addon
  id="inputstream.adaptive"
  version="22.3.0"
  name="InputStream Adaptive"
  provider-name="peak3d, Team Kodi">
  <requires>
<import addon="kodi.binary.global.main" minversion="2.0.0" version="2.0.2"/>
<import addon="kodi.binary.global.gui" minversion="5.15.0" version="5.15.1"/>
<import addon="kodi.binary.global.filesystem" minversion="1.1.7" version="1.1.10"/>
<import addon="kodi.binary.global.tools" minversion="1.0.0" version="1.0.4"/>
<import addon="kodi.binary.instance.inputstream" minversion="3.4.0" version="3.4.0"/>
<import addon="kodi.binary.instance.videocodec" minversion="2.1.0" version="2.1.0"/></requires>
  <extension
    point="kodi.inputstream"
    name="adaptive"
    extension=""
    tags="true"
    listitemprops="drm|drm_legacy|license_type|license_key|license_url|license_url_append|license_data|license_flags|server_certificate|common_headers|manifest_upd_params|manifest_params|manifest_headers|stream_params|stream_headers|original_audio_language|play_timeshift_buffer|pre_init_data|stream_selection_type|chooser_bandwidth_max|chooser_resolution_max|chooser_resolution_secure_max|live_delay|config|manifest_config"
    library_android="libinputstream.adaptive.so"/>
  <extension point="xbmc.addon.metadata">
    <platform>android-aarch64</platform>
	<license>GPL-2.0-or-later</license>
	<source>https://github.com/xbmc/inputstream.adaptive</source>
	<assets>
      <icon>icon.png</icon>
      <fanart>fanart.jpg</fanart>
    </assets>
    <summary lang="ca_ES">Client InputStream per a transmissions adaptatives</summary>
    <summary lang="cs_CZ">Klient adaptivních toků protokolu InputStream</summary>
    <summary lang="da_DK">InputStream-klient til adaptive streams</summary>
    <summary lang="de_DE">InputStream-Client für adaptive Streams</summary>
    <summary lang="en_GB">InputStream client for adaptive streams</summary>
    <summary lang="es_ES">Cliente InputStream para transmisiones adaptativas</summary>
    <summary lang="es_MX">Cliente InputStream para transmisiones adaptativas</summary>
    <summary lang="et_EE">InputStream klient kohanduvate voogude jaoks</summary>
    <summary lang="fi_FI">InputStream-asiakas mukautuville mediavirroille</summary>
    <summary lang="fr_FR">Client InputStream pour les flux adaptatifs</summary>
    <summary lang="he_IL">לקוח InputStream לתזרימים מסתגלים</summary>
    <summary lang="hr_HR">InputStream klijent za prilagodljiva strujanja</summary>
    <summary lang="hu_HU">InputStream kliens az adaptív streamekhez</summary>
    <summary lang="is_IS">InputStream-biðlari fyrir aðlaganleg streymi</summary>
    <summary lang="it_IT">Client InputStream per flussi adattivi</summary>
    <summary lang="ko_KR">적응형 스트림을 위한 InputStream 클라이언트</summary>
    <summary lang="lv_LV">InputStream klients adaptīvām straumēm</summary>
    <summary lang="nl_NL">InputStream client voor adaptive streams</summary>
    <summary lang="pl_PL">Klient InputStream dla strumieni adaptacyjnych</summary>
    <summary lang="pt_BR">Cliente InputStream para transmissões adaptáveis</summary>
    <summary lang="ru_RU">Клиент InputStream для адаптивных потоков</summary>
    <summary lang="sv_SE">InputStream-klient för adaptiva strömmar</summary>
    <summary lang="zh_CN">用于自适应流的 InputStream 客户端</summary>
    <description lang="ca_ES">Client InputStream per a transmissions adaptatives</description>
    <description lang="cs_CZ">Klient adaptivních toků protokolu InputStream</description>
    <description lang="da_DK">InputStream-klient til adaptive streams</description>
    <description lang="de_DE">InputStream-Client für adaptive Streams. Unterstützt werden Streamingprotokolle wie MPEG-DASH, HLS und Microsoft Smooth Streaming.[CR][CR] Das Addon unterstützt ebenfalls DRM-geschützte Streams, wie Google Widevine, Microsoft Playready und andere.[CR][CR]Für Dokumentation https://github.com/xbmc/inputstream.adaptive besuchen</description>
    <description lang="en_GB">InputStream client for adaptive streams. Common streaming protocols such as MPEG-DASH, HLS and Microsoft Smooth Streaming are supported.[CR][CR]The add-on also has support for DRM protected streams, such as Google Widevine, Microsoft PlayReady and others.[CR][CR]For documentation visit: https://github.com/xbmc/inputstream.adaptive</description>
    <description lang="es_ES">Cliente InputStream para transmisiones de datos adaptativos. Se admiten protocolos de transmisión comunes como MPEG-DASH, HLS y Microsoft Smooth Streaming.[CR][CR]El complemento también es compatible con transmisiones protegidas por DRM, como Google Widevine, Microsoft PlayReady y otros.[CR][CR]Para consultar la documentación, visite: https://github.com/xbmc/inputstream.adaptive</description>
    <description lang="es_MX">Cliente InputStream para transmisiones adaptativas</description>
    <description lang="et_EE">InputStream klient adaptiivsete voogude jaoks. Toetatakse levinud voogedastusprotokolle, nagu MPEG-DASH, HLS ja Microsoft Smooth Streaming.[CR][CR]Lisamoodul toetab ka DRM-iga kaitstud vooge, nagu Google Widevine, Microsoft PlayReady ja teised.[CR][CR]Dokumentatsiooni saamiseks külasta aadressi https://github.com/xbmc/inputstream.adaptive</description>
    <description lang="fi_FI">InputStream-asiakas mukautuville mediavirroille, joka tukee yleisiä suoratoistoprotokollia, kuten MPEG-DASH, HLS ja Microsoft Smooth Streaming.[CR][CR]Tukee myös mm. Google Widevine ja Microsoft PlayReady -tekniikoilla DRM-suojattua suoratoistoa.[CR][CR]Ohjeita löydät osoitteesta https://github.com/xbmc/inputstream.adaptive.</description>
    <description lang="fr_FR">Client InputStream pour les flux adaptatifs. Les protocoles de streaming courants tels que MPEG-DASH, HLS et Microsoft Smooth Streaming sont pris en charge.[CR][CR]Le module complémentaire prend également en charge les flux protégés par DRM, tels que Google Widevine, Microsoft PlayReady et autres.[CR][CR] Pour la documentation, visitez : https://github.com/xbmc/inputstream.adaptive</description>
    <description lang="he_IL">לקוח InputStream לתזרימים מסתגלים</description>
    <description lang="hr_HR">InputStream klijent za prilagodljiva strujanja</description>
    <description lang="hu_HU">InputStream kliens az adaptív streamekhez</description>
    <description lang="it_IT">Client InputStream per flussi adattivi. Sono supportati protocolli di streaming comuni come MPEG-DASH, HLS e Microsoft Smooth Streaming.[CR][CR]L&apos;add-on supporta anche flussi protetti da DRM, come Google Widevine, Microsoft PlayReady e altri.[CR][CR] ]Per la documentazione visita: https://github.com/xbmc/inputstream.adaptive</description>
    <description lang="ko_KR">적응형 스트림을 위한 InputStream 클라이언트입니다. MPEG-DASH, HLS 및 Microsoft Smooth Streaming과 같은 일반적인 스트리밍 프로토콜이 지원됩니다.[CR][CR]추가 기능은 Google Widevine, Microsoft PlayReady 등과 같은 DRM 보호 스트림도 지원합니다.[CR][CR ]문서를 보려면 https://github.com/xbmc/inputstream.adaptive를 방문하세요</description>
    <description lang="lv_LV">InputStream klients adaptīvām straumēm</description>
    <description lang="pl_PL">Klient InputStream dla strumieni adaptacyjnych. Obsługiwane są popularne protokoły przesyłania strumieniowego, takie jak MPEG-DASH, HLS i Microsoft Smooth Streaming.[CR][CR]Dodatek obsługuje również strumienie chronione DRM, takie jak Google Widevine, Microsoft PlayReady i inne.[CR][CR] ]Dokumentacja znajduje się na stronie: https://github.com/xbmc/inputstream.adaptive</description>
    <description lang="pt_BR">Cliente InputStream para transmissões adaptáveis. Há suporte para protocolos de streaming comuns, como MPEG-DASH, HLS e Microsoft Smooth Streaming.[CR][CR]O addon também oferece suporte a transmissões protegidas por DRM, como Google Widevine, Microsoft PlayReady e outros.[CR][CR]Para obter a documentação, visite: https://github.com/xbmc/inputstream.adaptive</description>
    <description lang="ru_RU">Клиент InputStream для адаптивных потоков. Поддерживаются такие распространенные потоковые протоколы, как MPEG-DASH, HLS и Microsoft Smooth Streaming.[CR][CR]Дополнение также поддерживает потоки, защищенные DRM, такие как Google Widevine, Microsoft PlayReady и другие.[CR][CR]Для получения документации посетите: https://github.com/xbmc/inputstream.adaptive</description>
    <description lang="sv_SE">InputStream-klient för adaptiva strömmar. Stöd finns för vanliga streamingprotokoll som MPEG-DASH, HLS och Microsoft Smooth Streaming.[CR][CR]Tillägget har även stöd för DRM-skyddade strömmar, som Google Widevine, Microsoft PlayReady m.fl.[CR][CR]För dokumentation besök: https://github.com/xbmc/inputstream.adaptive</description>
    <description lang="zh_CN">用于自适应流的 InputStream 客户端。支持 MPEG-DASH、HLS 和 Microsoft Smooth Streaming 等常见流协议。[CR][CR]该插件还支持 Google Widevine、Microsoft PlayReady 等 DRM 保护流。[CR][CR]如需文档，请访问：https://github.com/xbmc/inputstream.adaptive</description>
  </extension>
</addon>
